Category,category,FDR,inputGenes
Plastid thylakoid membrane,COMPARTMENTS,1.58e-33,"['3702.O49347', '3702.O80860', '3702.P0CJ48', '3702.P19366', '3702.P21218', '3702.P25857', '3702.P27521', '3702.P42699', '3702.Q01667', '3702.Q39141', '3702.Q39142', '3702.Q42029', '3702.Q8LCA1', '3702.Q96500', '3702.Q9S7H1', '3702.Q9S7J7', '3702.Q9S7M0', '3702.Q9S7N7', '3702.Q9S7W1', '3702.Q9S831', '3702.Q9SA56', '3702.Q9SHR7', '3702.Q9STF2', '3702.Q9SUI4', '3702.Q9SY97', '3702.Q9XF87', '3702.Q9XF89']"
Plastid thylakoid,COMPARTMENTS,4.41e-33,"['3702.O49347', '3702.O80860', '3702.P0CJ48', '3702.P19366', '3702.P21218', '3702.P25857', '3702.P27521', '3702.P42699', '3702.Q01667', '3702.Q38833', '3702.Q39141', '3702.Q39142', '3702.Q42029', '3702.Q8LCA1', '3702.Q96500', '3702.Q9S7H1', '3702.Q9S7J7', '3702.Q9S7M0', '3702.Q9S7N7', '3702.Q9S7W1', '3702.Q9S831', '3702.Q9SA56', '3702.Q9SHR7', '3702.Q9STF2', '3702.Q9SUI4', '3702.Q9SY97', '3702.Q9XF87', '3702.Q9XF89']"
Photosynthetic membrane,COMPARTMENTS,8.49e-33,"['3702.O49347', '3702.O80860', '3702.P0CJ48', '3702.P19366', '3702.P21218', '3702.P25857', '3702.P27521', '3702.P42699', '3702.Q01667', '3702.Q39141', '3702.Q39142', '3702.Q42029', '3702.Q8LCA1', '3702.Q949Q5', '3702.Q96500', '3702.Q9S7H1', '3702.Q9S7J7', '3702.Q9S7M0', '3702.Q9S7N7', '3702.Q9S7W1', '3702.Q9S831', '3702.Q9SA56', '3702.Q9SHR7', '3702.Q9STF2', '3702.Q9SUI4', '3702.Q9SY97', '3702.Q9XF87', '3702.Q9XF89']"
Chloroplast thylakoid membrane,COMPARTMENTS,8.57e-33,"['3702.O49347', '3702.O80860', '3702.P0CJ48', '3702.P19366', '3702.P21218', '3702.P25857', '3702.P27521', '3702.Q01667', '3702.Q39141', '3702.Q39142', '3702.Q42029', '3702.Q8LCA1', '3702.Q96500', '3702.Q9S7H1', '3702.Q9S7J7', '3702.Q9S7M0', '3702.Q9S7N7', '3702.Q9S7W1', '3702.Q9S831', '3702.Q9SA56', '3702.Q9SHR7', '3702.Q9STF2', '3702.Q9SUI4', '3702.Q9SY97', '3702.Q9XF87', '3702.Q9XF89']"
Thylakoid,COMPARTMENTS,2.38e-32,"['3702.O49347', '3702.O80860', '3702.P0CJ48', '3702.P19366', '3702.P21218', '3702.P25857', '3702.P27521', '3702.P42699', '3702.Q01667', '3702.Q38814', '3702.Q38833', '3702.Q39141', '3702.Q39142', '3702.Q42029', '3702.Q8LCA1', '3702.Q949Q5', '3702.Q96500', '3702.Q9S7H1', '3702.Q9S7J7', '3702.Q9S7M0', '3702.Q9S7N7', '3702.Q9S7W1', '3702.Q9S831', '3702.Q9SA56', '3702.Q9SHR7', '3702.Q9STF2', '3702.Q9SUI4', '3702.Q9SY97', '3702.Q9XF87', '3702.Q9XF89']"
Chloroplast thylakoid,COMPARTMENTS,3.01e-32,"['3702.O49347', '3702.O80860', '3702.P0CJ48', '3702.P19366', '3702.P21218', '3702.P25857', '3702.P27521', '3702.Q01667', '3702.Q38833', '3702.Q39141', '3702.Q39142', '3702.Q42029', '3702.Q8LCA1', '3702.Q96500', '3702.Q9S7H1', '3702.Q9S7J7', '3702.Q9S7M0', '3702.Q9S7N7', '3702.Q9S7W1', '3702.Q9S831', '3702.Q9SA56', '3702.Q9SHR7', '3702.Q9STF2', '3702.Q9SUI4', '3702.Q9SY97', '3702.Q9XF87', '3702.Q9XF89']"
Photosystem,COMPARTMENTS,1.49e-29,"['3702.O49347', '3702.P0CJ48', '3702.P27521', '3702.Q01667', '3702.Q39141', '3702.Q39142', '3702.Q42029', '3702.Q8LCA1', '3702.Q949Q5', '3702.Q9S7J7', '3702.Q9S7M0', '3702.Q9S7N7', '3702.Q9S7W1', '3702.Q9SA56', '3702.Q9SHR7', '3702.Q9SUI4', '3702.Q9SY97', '3702.Q9XF87', '3702.Q9XF89']"
Photosystem I,COMPARTMENTS,1.53e-27,"['3702.P0CJ48', '3702.P27521', '3702.Q01667', '3702.Q39142', '3702.Q8LCA1', '3702.Q949Q5', '3702.Q9S7J7', '3702.Q9S7M0', '3702.Q9S7N7', '3702.Q9S7W1', '3702.Q9SA56', '3702.Q9SHR7', '3702.Q9SUI4', '3702.Q9SY97', '3702.Q9XF87', '3702.Q9XF89']"
Plastid membrane,COMPARTMENTS,5.92e-27,"['3702.O49347', '3702.O80860', '3702.P0CJ48', '3702.P19366', '3702.P21218', '3702.P27521', '3702.P42699', '3702.Q01667', '3702.Q39141', '3702.Q39142', '3702.Q42029', '3702.Q8LCA1', '3702.Q96500', '3702.Q9S7H1', '3702.Q9S7J7', '3702.Q9S7M0', '3702.Q9S7N7', '3702.Q9S7W1', '3702.Q9S831', '3702.Q9SA56', '3702.Q9SHR7', '3702.Q9STF2', '3702.Q9SUI4', '3702.Q9SY97', '3702.Q9XF87', '3702.Q9XF89']"
Plastid envelope,COMPARTMENTS,1.21e-25,"['3702.O49347', '3702.O80860', '3702.P0CJ48', '3702.P19366', '3702.P21218', '3702.P25857', '3702.P27521', '3702.P42699', '3702.Q01667', '3702.Q38814', '3702.Q39141', '3702.Q39142', '3702.Q42029', '3702.Q8LCA1', '3702.Q96500', '3702.Q9S7H1', '3702.Q9S7J7', '3702.Q9S7M0', '3702.Q9S7N7', '3702.Q9S7W1', '3702.Q9S831', '3702.Q9SA56', '3702.Q9SHR7', '3702.Q9STF2', '3702.Q9SUI4', '3702.Q9SY97', '3702.Q9XF87', '3702.Q9XF89']"
Organelle subcompartment,COMPARTMENTS,2.94e-22,"['3702.O49347', '3702.O80860', '3702.P0CJ48', '3702.P19366', '3702.P21218', '3702.P25857', '3702.P27521', '3702.P42699', '3702.Q01667', '3702.Q38833', '3702.Q39141', '3702.Q39142', '3702.Q42029', '3702.Q8LCA1', '3702.Q96500', '3702.Q9S7H1', '3702.Q9S7J7', '3702.Q9S7M0', '3702.Q9S7N7', '3702.Q9S7W1', '3702.Q9S831', '3702.Q9SA56', '3702.Q9SHR7', '3702.Q9STF2', '3702.Q9SUI4', '3702.Q9SY97', '3702.Q9XF87', '3702.Q9XF89', '3702.Q9XIE2']"
Chloroplast thylakoid membrane protein complex,COMPARTMENTS,7.94e-20,"['3702.P19366', '3702.P27521', '3702.Q01667', '3702.Q8LCA1', '3702.Q96500', '3702.Q9S7J7', '3702.Q9S7M0', '3702.Q9S7N7', '3702.Q9SHR7', '3702.Q9SY97', '3702.Q9XF87', '3702.Q9XF89']"
Organelle envelope,COMPARTMENTS,1.07e-19,"['3702.O49347', '3702.O80860', '3702.P0CJ48', '3702.P19366', '3702.P21218', '3702.P25857', '3702.P27521', '3702.P42699', '3702.Q01667', '3702.Q38814', '3702.Q39141', '3702.Q39142', '3702.Q42029', '3702.Q8LCA1', '3702.Q96500', '3702.Q9C5A9', '3702.Q9S7H1', '3702.Q9S7J7', '3702.Q9S7M0', '3702.Q9S7N7', '3702.Q9S7W1', '3702.Q9S831', '3702.Q9SA56', '3702.Q9SHR7', '3702.Q9STF2', '3702.Q9SUI4', '3702.Q9SY97', '3702.Q9XF87', '3702.Q9XF89']"
Chloroplast,COMPARTMENTS,1.58e-19,"['3702.O49347', '3702.O80860', '3702.P0CJ48', '3702.P16972', '3702.P19366', '3702.P21218', '3702.P25857', '3702.P27521', '3702.P42699', '3702.P50318', '3702.Q01667', '3702.Q38814', '3702.Q38833', '3702.Q39141', '3702.Q39142', '3702.Q42029', '3702.Q8LCA1', '3702.Q949Q5', '3702.Q96500', '3702.Q9FG67', '3702.Q9S7H1', '3702.Q9S7J7', '3702.Q9S7M0', '3702.Q9S7N7', '3702.Q9S7W1', '3702.Q9S831', '3702.Q9SA56', '3702.Q9SHR7', '3702.Q9STF2', '3702.Q9SUI4', '3702.Q9SY97', '3702.Q9XF87', '3702.Q9XF89']"
Photosystem II,COMPARTMENTS,3.38e-16,"['3702.O49347', '3702.P0CJ48', '3702.Q39141', '3702.Q39142', '3702.Q42029', '3702.Q9S7J7', '3702.Q9S7M0', '3702.Q9S7W1', '3702.Q9SHR7', '3702.Q9XF87', '3702.Q9XF89']"
Membrane protein complex,COMPARTMENTS,2.15e-15,"['3702.O49347', '3702.P0CJ48', '3702.P19366', '3702.P27521', '3702.P54144', '3702.Q01667', '3702.Q39141', '3702.Q39142', '3702.Q42029', '3702.Q8LCA1', '3702.Q949Q5', '3702.Q96500', '3702.Q9C5A9', '3702.Q9S7J7', '3702.Q9S7M0', '3702.Q9S7N7', '3702.Q9S7W1', '3702.Q9SA56', '3702.Q9SHR7', '3702.Q9SUI4', '3702.Q9SY97', '3702.Q9XF87', '3702.Q9XF89']"
Organelle membrane,COMPARTMENTS,1.43e-14,"['3702.O49347', '3702.O80860', '3702.P0CJ48', '3702.P19366', '3702.P21218', '3702.P27521', '3702.P42699', '3702.Q01667', '3702.Q39141', '3702.Q39142', '3702.Q41963', '3702.Q42029', '3702.Q8LCA1', '3702.Q96500', '3702.Q9C5A9', '3702.Q9S7H1', '3702.Q9S7J7', '3702.Q9S7M0', '3702.Q9S7N7', '3702.Q9S7W1', '3702.Q9S831', '3702.Q9SA56', '3702.Q9SHR7', '3702.Q9STF2', '3702.Q9SUI4', '3702.Q9SY97', '3702.Q9XF87', '3702.Q9XF89']"
Thylakoid light-harvesting complex,COMPARTMENTS,1.04e-13,"['3702.P27521', '3702.Q01667', '3702.Q9S7J7', '3702.Q9S7M0', '3702.Q9SHR7', '3702.Q9SY97', '3702.Q9XF87', '3702.Q9XF89']"
Membrane,COMPARTMENTS,1e-12,"['3702.O49347', '3702.O80860', '3702.P0CJ48', '3702.P19366', '3702.P21218', '3702.P25857', '3702.P27521', '3702.P42699', '3702.P46422', '3702.P54144', '3702.Q01667', '3702.Q07488', '3702.Q39141', '3702.Q39142', '3702.Q39191', '3702.Q41963', '3702.Q42029', '3702.Q8LCA1', '3702.Q8RWS6', '3702.Q949Q5', '3702.Q94C26', '3702.Q96500', '3702.Q9C5A9', '3702.Q9LUT2', '3702.Q9S7H1', '3702.Q9S7J7', '3702.Q9S7M0', '3702.Q9S7N7', '3702.Q9S7W1', '3702.Q9S831', '3702.Q9SA56', '3702.Q9SHR7', '3702.Q9STF2', '3702.Q9SUI4', '3702.Q9SY97', '3702.Q9XF87', '3702.Q9XF89', '3702.Q9XIE2']"
Cytoplasm,COMPARTMENTS,3.37e-10,"['3702.O23530', '3702.O49347', '3702.O65369', '3702.O80860', '3702.P0CJ48', '3702.P16972', '3702.P19366', '3702.P21218', '3702.P22953', '3702.P25857', '3702.P27521', '3702.P33154', '3702.P37702', '3702.P42699', '3702.P46422', '3702.P50318', '3702.Q01667', '3702.Q03250', '3702.Q38814', '3702.Q38833', '3702.Q39141', '3702.Q39142', '3702.Q39191', '3702.Q41931', '3702.Q41963', '3702.Q42029', '3702.Q42547', '3702.Q8GY23', '3702.Q8LCA1', '3702.Q949Q5', '3702.Q96500', '3702.Q9C5A9', '3702.Q9C5C2', '3702.Q9C7X0', '3702.Q9FG67', '3702.Q9LRR9', '3702.Q9LUT2', '3702.Q9M1P5', '3702.Q9S7H1', '3702.Q9S7J7', '3702.Q9S7M0', '3702.Q9S7N7', '3702.Q9S7W1', '3702.Q9S831', '3702.Q9SA56', '3702.Q9SHR7', '3702.Q9SLJ2', '3702.Q9STF2', '3702.Q9SUI4', '3702.Q9SY97', '3702.Q9XF87', '3702.Q9XF89', '3702.Q9XIE2']"
Plastoglobule,COMPARTMENTS,8.79e-10,"['3702.P19366', '3702.Q01667', '3702.Q9S7H1', '3702.Q9S7J7', '3702.Q9S831', '3702.Q9SUI4', '3702.Q9SY97', '3702.Q9XF89']"
Chloroplast stroma,COMPARTMENTS,9.7e-10,"['3702.O49347', '3702.P19366', '3702.P25857', '3702.Q01667', '3702.Q42029', '3702.Q8LCA1', '3702.Q9S7H1', '3702.Q9S7J7', '3702.Q9S831', '3702.Q9STF2', '3702.Q9SUI4', '3702.Q9SY97', '3702.Q9XF89']"
PSII associated light-harvesting complex II,COMPARTMENTS,1.64e-08,"['3702.Q9S7J7', '3702.Q9S7M0', '3702.Q9SHR7', '3702.Q9XF87', '3702.Q9XF89']"
Apoplast,COMPARTMENTS,1.64e-08,"['3702.P0CJ48', '3702.P22953', '3702.P32961', '3702.P33154', '3702.P37702', '3702.P46422', '3702.Q42029', '3702.Q42547', '3702.Q9C5C2', '3702.Q9LRR9']"
Intracellular membrane-bounded organelle,COMPARTMENTS,3.02e-08,"['3702.A0A1R7T3B3', '3702.O23530', '3702.O49347', '3702.O80860', '3702.P0CJ48', '3702.P16972', '3702.P19366', '3702.P21218', '3702.P22953', '3702.P25857', '3702.P27521', '3702.P29381', '3702.P33154', '3702.P37702', '3702.P42699', '3702.P46422', '3702.P50318', '3702.Q01667', '3702.Q03250', '3702.Q38814', '3702.Q38833', '3702.Q39141', '3702.Q39142', '3702.Q39191', '3702.Q41931', '3702.Q41963', '3702.Q42029', '3702.Q42547', '3702.Q8LCA1', '3702.Q8RY71', '3702.Q949Q5', '3702.Q96500', '3702.Q9C5A9', '3702.Q9C5C2', '3702.Q9FG67', '3702.Q9LE80', '3702.Q9LRR9', '3702.Q9S7H1', '3702.Q9S7J7', '3702.Q9S7M0', '3702.Q9S7N7', '3702.Q9S7W1', '3702.Q9S831', '3702.Q9SA56', '3702.Q9SHR7', '3702.Q9SLJ2', '3702.Q9STF2', '3702.Q9SUI4', '3702.Q9SY97', '3702.Q9XF87', '3702.Q9XF89', '3702.Q9XIE2']"
Membrane-bounded organelle,COMPARTMENTS,6.99e-08,"['3702.A0A1R7T3B3', '3702.O23530', '3702.O49347', '3702.O65369', '3702.O80860', '3702.P0CJ48', '3702.P16972', '3702.P19366', '3702.P21218', '3702.P22953', '3702.P25857', '3702.P27521', '3702.P29381', '3702.P33154', '3702.P37702', '3702.P42699', '3702.P46422', '3702.P50318', '3702.Q01667', '3702.Q03250', '3702.Q38814', '3702.Q38833', '3702.Q39141', '3702.Q39142', '3702.Q39191', '3702.Q41931', '3702.Q41963', '3702.Q42029', '3702.Q42547', '3702.Q8LCA1', '3702.Q8RY71', '3702.Q949Q5', '3702.Q96500', '3702.Q9C5A9', '3702.Q9C5C2', '3702.Q9FG67', '3702.Q9LE80', '3702.Q9LRR9', '3702.Q9S7H1', '3702.Q9S7J7', '3702.Q9S7M0', '3702.Q9S7N7', '3702.Q9S7W1', '3702.Q9S831', '3702.Q9SA56', '3702.Q9SHR7', '3702.Q9SLJ2', '3702.Q9STF2', '3702.Q9SUI4', '3702.Q9SY97', '3702.Q9XF87', '3702.Q9XF89', '3702.Q9XIE2']"
Organelle,COMPARTMENTS,4.88e-06,"['3702.A0A1R7T3B3', '3702.O23530', '3702.O49347', '3702.O65369', '3702.O80860', '3702.P0CJ48', '3702.P16972', '3702.P19366', '3702.P21218', '3702.P22953', '3702.P25857', '3702.P27521', '3702.P29381', '3702.P33154', '3702.P37702', '3702.P42699', '3702.P46422', '3702.P50318', '3702.Q01667', '3702.Q03250', '3702.Q38814', '3702.Q38833', '3702.Q39141', '3702.Q39142', '3702.Q39191', '3702.Q41931', '3702.Q41963', '3702.Q42029', '3702.Q42547', '3702.Q8LCA1', '3702.Q8RY71', '3702.Q949Q5', '3702.Q96500', '3702.Q9C5A9', '3702.Q9C5C2', '3702.Q9FG67', '3702.Q9LE80', '3702.Q9LRR9', '3702.Q9LUT2', '3702.Q9S7H1', '3702.Q9S7J7', '3702.Q9S7M0', '3702.Q9S7N7', '3702.Q9S7W1', '3702.Q9S831', '3702.Q9SA56', '3702.Q9SHR7', '3702.Q9SLJ2', '3702.Q9STF2', '3702.Q9SUI4', '3702.Q9SY97', '3702.Q9XF87', '3702.Q9XF89', '3702.Q9XIE2', '3702.Q9ZQR8']"
Intracellular organelle,COMPARTMENTS,5.88e-06,"['3702.A0A1R7T3B3', '3702.O23530', '3702.O49347', '3702.O65369', '3702.O80860', '3702.P0CJ48', '3702.P16972', '3702.P19366', '3702.P21218', '3702.P22953', '3702.P25857', '3702.P27521', '3702.P29381', '3702.P33154', '3702.P37702', '3702.P42699', '3702.P46422', '3702.P50318', '3702.Q01667', '3702.Q03250', '3702.Q38814', '3702.Q38833', '3702.Q39141', '3702.Q39142', '3702.Q39191', '3702.Q41931', '3702.Q41963', '3702.Q42029', '3702.Q42547', '3702.Q8LCA1', '3702.Q8RY71', '3702.Q949Q5', '3702.Q96500', '3702.Q9C5A9', '3702.Q9C5C2', '3702.Q9FG67', '3702.Q9LE80', '3702.Q9LRR9', '3702.Q9LUT2', '3702.Q9S7H1', '3702.Q9S7J7', '3702.Q9S7M0', '3702.Q9S7N7', '3702.Q9S7W1', '3702.Q9S831', '3702.Q9SA56', '3702.Q9SHR7', '3702.Q9SLJ2', '3702.Q9STF2', '3702.Q9SUI4', '3702.Q9SY97', '3702.Q9XF87', '3702.Q9XF89', '3702.Q9XIE2']"
Cellular anatomical entity,COMPARTMENTS,8.89e-06,"['3702.A0A1R7T3B3', '3702.F4I2N7', '3702.O23530', '3702.O49347', '3702.O65369', '3702.O80860', '3702.P0CJ48', '3702.P16972', '3702.P19366', '3702.P21218', '3702.P22953', '3702.P25857', '3702.P27521', '3702.P29381', '3702.P32961', '3702.P33154', '3702.P37702', '3702.P42699', '3702.P46422', '3702.P50318', '3702.P54144', '3702.Q01667', '3702.Q03250', '3702.Q07488', '3702.Q38814', '3702.Q38833', '3702.Q39141', '3702.Q39142', '3702.Q39191', '3702.Q41931', '3702.Q41963', '3702.Q42029', '3702.Q42547', '3702.Q8GY23', '3702.Q8LCA1', '3702.Q8RWS6', '3702.Q8RX87', '3702.Q8RY71', '3702.Q940J8', '3702.Q949Q5', '3702.Q94C26', '3702.Q96500', '3702.Q9C5A9', '3702.Q9C5C2', '3702.Q9C7X0', '3702.Q9FG67', '3702.Q9FGT2', '3702.Q9FMT8', '3702.Q9LE80', '3702.Q9LRR9', '3702.Q9LUT2', '3702.Q9M1P5', '3702.Q9S7H1', '3702.Q9S7J7', '3702.Q9S7M0', '3702.Q9S7N7', '3702.Q9S7W1', '3702.Q9S831', '3702.Q9SA56', '3702.Q9SHR7', '3702.Q9SLJ2', '3702.Q9STF2', '3702.Q9SUI4', '3702.Q9SY97', '3702.Q9XF87', '3702.Q9XF89', '3702.Q9XIE2', '3702.Q9ZQR8']"
Chloroplast envelope,COMPARTMENTS,1.62e-05,"['3702.O80860', '3702.P21218', '3702.P27521', '3702.Q01667', '3702.Q42029', '3702.Q8LCA1', '3702.Q9S7N7', '3702.Q9SA56', '3702.Q9SUI4']"
PSI associated light-harvesting complex I,COMPARTMENTS,4.07e-05,"['3702.P27521', '3702.Q01667', '3702.Q9SY97']"
Plasma membrane light-harvesting complex,COMPARTMENTS,5.94e-05,"['3702.P27521', '3702.Q01667', '3702.Q9XF89']"
Extracellular region,COMPARTMENTS,6.01e-05,"['3702.P0CJ48', '3702.P22953', '3702.P32961', '3702.P33154', '3702.P37702', '3702.P46422', '3702.Q03250', '3702.Q42029', '3702.Q42547', '3702.Q9C5C2', '3702.Q9LRR9']"
Protein-containing complex,COMPARTMENTS,0.00012,"['3702.O49347', '3702.P0CJ48', '3702.P19366', '3702.P27521', '3702.P37702', '3702.P54144', '3702.Q01667', '3702.Q38814', '3702.Q39141', '3702.Q39142', '3702.Q42029', '3702.Q8GY23', '3702.Q8LCA1', '3702.Q949Q5', '3702.Q96500', '3702.Q9C5A9', '3702.Q9C5C2', '3702.Q9LE80', '3702.Q9S7J7', '3702.Q9S7M0', '3702.Q9S7N7', '3702.Q9S7W1', '3702.Q9SA56', '3702.Q9SHR7', '3702.Q9SUI4', '3702.Q9SY97', '3702.Q9XF87', '3702.Q9XF89']"
Cell junction,COMPARTMENTS,0.00013,"['3702.P22953', '3702.P54144', '3702.Q41931', '3702.Q8GY23', '3702.Q8RX87', '3702.Q9C5C2', '3702.Q9LUT2', '3702.Q9S7H1']"
Symplast,COMPARTMENTS,0.00013,"['3702.P22953', '3702.P54144', '3702.Q41931', '3702.Q42547', '3702.Q8GY23', '3702.Q8RX87', '3702.Q9LUT2']"
Intracellular,COMPARTMENTS,0.00077,"['3702.A0A1R7T3B3', '3702.O23530', '3702.O49347', '3702.O65369', '3702.O80860', '3702.P0CJ48', '3702.P16972', '3702.P19366', '3702.P21218', '3702.P22953', '3702.P25857', '3702.P27521', '3702.P29381', '3702.P33154', '3702.P37702', '3702.P42699', '3702.P46422', '3702.P50318', '3702.Q01667', '3702.Q03250', '3702.Q38814', '3702.Q38833', '3702.Q39141', '3702.Q39142', '3702.Q39191', '3702.Q41931', '3702.Q41963', '3702.Q42029', '3702.Q42547', '3702.Q8GY23', '3702.Q8LCA1', '3702.Q8RY71', '3702.Q949Q5', '3702.Q96500', '3702.Q9C5A9', '3702.Q9C5C2', '3702.Q9C7X0', '3702.Q9FG67', '3702.Q9FGT2', '3702.Q9LE80', '3702.Q9LRR9', '3702.Q9LUT2', '3702.Q9M1P5', '3702.Q9S7H1', '3702.Q9S7J7', '3702.Q9S7M0', '3702.Q9S7N7', '3702.Q9S7W1', '3702.Q9S831', '3702.Q9SA56', '3702.Q9SHR7', '3702.Q9SLJ2', '3702.Q9STF2', '3702.Q9SUI4', '3702.Q9SY97', '3702.Q9XF87', '3702.Q9XF89', '3702.Q9XIE2', '3702.Q9ZQR8']"
External encapsulating structure,COMPARTMENTS,0.0011,"['3702.P19366', '3702.P22953', '3702.Q39191', '3702.Q41931', '3702.Q41963', '3702.Q42547', '3702.Q940J8', '3702.Q9LUT2']"
Thylakoid lumen,COMPARTMENTS,0.0012,"['3702.O80860', '3702.P19366', '3702.P42699', '3702.Q42029']"
Chloroplast photosystem I,COMPARTMENTS,0.0023,"['3702.Q8LCA1', '3702.Q9S7N7']"
Cell wall,COMPARTMENTS,0.0027,"['3702.P19366', '3702.P22953', '3702.Q39191', '3702.Q41931', '3702.Q42547', '3702.Q940J8', '3702.Q9LUT2']"
Photosystem I reaction center,COMPARTMENTS,0.0033,"['3702.Q9SA56', '3702.Q9SUI4']"
Thioglucosidase complex,COMPARTMENTS,0.0045,"['3702.P37702', '3702.Q9C5C2']"
Plasmodesma,COMPARTMENTS,0.0073,"['3702.P22953', '3702.Q41931', '3702.Q8GY23', '3702.Q8RX87', '3702.Q9LUT2']"
Plant-type cell wall,COMPARTMENTS,0.0252,"['3702.P22953', '3702.Q39191', '3702.Q41931', '3702.Q940J8', '3702.Q9LUT2']"
Stromule,COMPARTMENTS,0.0388,"['3702.P19366', '3702.P25857', '3702.Q38814']"
Cell periphery,COMPARTMENTS,0.0388,"['3702.P19366', '3702.P22953', '3702.P46422', '3702.P54144', '3702.Q07488', '3702.Q39191', '3702.Q41931', '3702.Q41963', '3702.Q42547', '3702.Q8RWS6', '3702.Q940J8', '3702.Q9LUT2', '3702.Q9S7H1', '3702.Q9XIE2']"
Cytosol,COMPARTMENTS,0.0498,"['3702.O23530', '3702.P22953', '3702.P46422', '3702.Q38814', '3702.Q41931', '3702.Q42547', '3702.Q8GY23', '3702.Q9C5C2', '3702.Q9LUT2', '3702.Q9M1P5', '3702.Q9SLJ2']"
photosynthesis,Process,2.18e-30,"['3702.O49347', '3702.O80860', '3702.P0CJ48', '3702.P16972', '3702.P21218', '3702.P25857', '3702.P27521', '3702.P50318', '3702.Q01667', '3702.Q39141', '3702.Q39142', '3702.Q42029', '3702.Q8LCA1', '3702.Q949Q5', '3702.Q9S7H1', '3702.Q9S7J7', '3702.Q9S7M0', '3702.Q9S7N7', '3702.Q9S7W1', '3702.Q9S831', '3702.Q9SA56', '3702.Q9SHR7', '3702.Q9SUI4', '3702.Q9SY97', '3702.Q9XF87', '3702.Q9XF89']"
"photosynthesis, light harvesting",Process,3.39e-22,"['3702.O80860', '3702.P0CJ48', '3702.P27521', '3702.Q01667', '3702.Q39141', '3702.Q39142', '3702.Q949Q5', '3702.Q9S7J7', '3702.Q9S7M0', '3702.Q9S7W1', '3702.Q9SHR7', '3702.Q9SY97', '3702.Q9XF87', '3702.Q9XF89']"
"photosynthesis, light harvesting in photosystem I",Process,3.39e-22,"['3702.P0CJ48', '3702.P27521', '3702.Q01667', '3702.Q39141', '3702.Q39142', '3702.Q949Q5', '3702.Q9S7J7', '3702.Q9S7M0', '3702.Q9S7W1', '3702.Q9SHR7', '3702.Q9SY97', '3702.Q9XF87', '3702.Q9XF89']"
"photosynthesis, light reaction",Process,3.39e-22,"['3702.O80860', '3702.P0CJ48', '3702.P16972', '3702.P27521', '3702.Q01667', '3702.Q39141', '3702.Q39142', '3702.Q42029', '3702.Q8LCA1', '3702.Q949Q5', '3702.Q9S7J7', '3702.Q9S7M0', '3702.Q9S7N7', '3702.Q9S7W1', '3702.Q9SHR7', '3702.Q9SY97', '3702.Q9XF87', '3702.Q9XF89']"
generation of precursor metabolites and energy,Process,8.23e-20,"['3702.O80860', '3702.P0CJ48', '3702.P16972', '3702.P19366', '3702.P27521', '3702.P42699', '3702.P50318', '3702.Q01667', '3702.Q07488', '3702.Q39141', '3702.Q39142', '3702.Q42029', '3702.Q8LCA1', '3702.Q949Q5', '3702.Q9C5A9', '3702.Q9S7J7', '3702.Q9S7M0', '3702.Q9S7N7', '3702.Q9S7W1', '3702.Q9SHR7', '3702.Q9SY97', '3702.Q9XF87', '3702.Q9XF89']"
response to abiotic stimulus,Process,5.6e-15,"['3702.O49347', '3702.O80860', '3702.P0CJ48', '3702.P16972', '3702.P19366', '3702.P22953', '3702.P25857', '3702.P27521', '3702.P33154', '3702.P46422', '3702.Q01667', '3702.Q03250', '3702.Q07488', '3702.Q38814', '3702.Q39141', '3702.Q39142', '3702.Q42044', '3702.Q42547', '3702.Q8RWS6', '3702.Q94C26', '3702.Q9C7X0', '3702.Q9FG67', '3702.Q9FGT2', '3702.Q9LUT2', '3702.Q9S7J7', '3702.Q9S7M0', '3702.Q9S7W1', '3702.Q9SHR7', '3702.Q9SY97', '3702.Q9XF87', '3702.Q9XF89', '3702.Q9XIE2']"
response to light stimulus,Process,3.39e-14,"['3702.O49347', '3702.O80860', '3702.P0CJ48', '3702.P16972', '3702.P25857', '3702.P27521', '3702.Q01667', '3702.Q07488', '3702.Q39141', '3702.Q39142', '3702.Q42547', '3702.Q8RWS6', '3702.Q94C26', '3702.Q9C7X0', '3702.Q9S7J7', '3702.Q9S7M0', '3702.Q9S7W1', '3702.Q9SHR7', '3702.Q9SY97', '3702.Q9XF87', '3702.Q9XF89']"
response to high light intensity,Process,9.56e-11,"['3702.O49347', '3702.O80860', '3702.P27521', '3702.Q01667', '3702.Q9S7J7', '3702.Q9S7M0', '3702.Q9SHR7', '3702.Q9SY97', '3702.Q9XF87']"
response to light intensity,Process,1.04e-10,"['3702.O49347', '3702.O80860', '3702.P16972', '3702.P27521', '3702.Q01667', '3702.Q07488', '3702.Q9S7J7', '3702.Q9S7M0', '3702.Q9SHR7', '3702.Q9SY97', '3702.Q9XF87']"
response to stimulus,Process,7.62e-10,"['3702.F4I2N7', '3702.O23530', '3702.O49347', '3702.O80860', '3702.P0CJ48', '3702.P16972', '3702.P19366', '3702.P21218', '3702.P22953', '3702.P25857', '3702.P27521', '3702.P32961', '3702.P33154', '3702.P37702', '3702.P42699', '3702.P46422', '3702.Q01667', '3702.Q03250', '3702.Q07488', '3702.Q38814', '3702.Q39141', '3702.Q39142', '3702.Q39191', '3702.Q41931', '3702.Q42044', '3702.Q42547', '3702.Q8RWS6', '3702.Q8RY71', '3702.Q94C26', '3702.Q9C5C2', '3702.Q9C7X0', '3702.Q9FG67', '3702.Q9FGT2', '3702.Q9LRR9', '3702.Q9LUT2', '3702.Q9S7J7', '3702.Q9S7M0', '3702.Q9S7W1', '3702.Q9SHR7', '3702.Q9SY97', '3702.Q9XF87', '3702.Q9XF89', '3702.Q9XIE2', '3702.Q9ZQR8']"
response to cold,Process,9.59e-10,"['3702.P19366', '3702.P25857', '3702.P27521', '3702.P46422', '3702.Q01667', '3702.Q03250', '3702.Q07488', '3702.Q38814', '3702.Q42547', '3702.Q9LUT2', '3702.Q9S7J7', '3702.Q9SHR7', '3702.Q9SY97', '3702.Q9XF87']"
response to temperature stimulus,Process,2.81e-09,"['3702.P19366', '3702.P22953', '3702.P25857', '3702.P27521', '3702.P46422', '3702.Q01667', '3702.Q03250', '3702.Q07488', '3702.Q38814', '3702.Q42547', '3702.Q9LUT2', '3702.Q9S7J7', '3702.Q9SHR7', '3702.Q9SY97', '3702.Q9XF87', '3702.Q9XIE2']"
response to low light intensity stimulus,Process,1.26e-08,"['3702.P27521', '3702.Q01667', '3702.Q9S7J7', '3702.Q9SHR7', '3702.Q9SY97', '3702.Q9XF87']"
Cellular metabolic process,Process,5.74e-08,"['3702.F4I2N7', '3702.O49347', '3702.O80860', '3702.P0CJ48', '3702.P16972', '3702.P19366', '3702.P21218', '3702.P25857', '3702.P27521', '3702.P32961', '3702.P37702', '3702.P42699', '3702.P46422', '3702.P50318', '3702.Q01667', '3702.Q03250', '3702.Q07488', '3702.Q38814', '3702.Q38833', '3702.Q39141', '3702.Q39142', '3702.Q39191', '3702.Q41931', '3702.Q42029', '3702.Q42547', '3702.Q8GY23', '3702.Q8LCA1', '3702.Q8RY71', '3702.Q949Q5', '3702.Q9C5A9', '3702.Q9C5C2', '3702.Q9FG67', '3702.Q9LRR9', '3702.Q9LUT2', '3702.Q9S7H1', '3702.Q9S7J7', '3702.Q9S7M0', '3702.Q9S7N7', '3702.Q9S7W1', '3702.Q9S831', '3702.Q9SA56', '3702.Q9SHR7', '3702.Q9SUI4', '3702.Q9SY97', '3702.Q9XF87', '3702.Q9XF89', '3702.Q9XIE2']"
response to stress,Process,8.52e-08,"['3702.F4I2N7', '3702.O23530', '3702.P19366', '3702.P22953', '3702.P25857', '3702.P27521', '3702.P33154', '3702.P37702', '3702.P46422', '3702.Q01667', '3702.Q03250', '3702.Q07488', '3702.Q38814', '3702.Q39191', '3702.Q41931', '3702.Q42044', '3702.Q42547', '3702.Q8RY71', '3702.Q94C26', '3702.Q9C5C2', '3702.Q9C7X0', '3702.Q9FG67', '3702.Q9FGT2', '3702.Q9LRR9', '3702.Q9LUT2', '3702.Q9S7J7', '3702.Q9S7M0', '3702.Q9SHR7', '3702.Q9SY97', '3702.Q9XF87', '3702.Q9XIE2', '3702.Q9ZQR8']"
"photosynthesis, light harvesting in photosystem II",Process,9.55e-07,"['3702.Q9S7J7', '3702.Q9S7M0', '3702.Q9SHR7', '3702.Q9XF87']"
response to chemical,Process,3.12e-06,"['3702.O23530', '3702.P0CJ48', '3702.P21218', '3702.P22953', '3702.P25857', '3702.P32961', '3702.P33154', '3702.P37702', '3702.P42699', '3702.P46422', '3702.Q03250', '3702.Q07488', '3702.Q39191', '3702.Q41931', '3702.Q42547', '3702.Q8RY71', '3702.Q94C26', '3702.Q9C5C2', '3702.Q9FG67', '3702.Q9FGT2', '3702.Q9S7J7', '3702.Q9S7M0', '3702.Q9SHR7', '3702.Q9XF87', '3702.Q9XIE2', '3702.Q9ZQR8']"
regulation of stomatal movement,Process,3.61e-06,"['3702.P37702', '3702.Q03250', '3702.Q9C5C2', '3702.Q9S7J7', '3702.Q9S7M0', '3702.Q9SHR7', '3702.Q9XF87']"
response to other organism,Process,3.9e-06,"['3702.F4I2N7', '3702.O23530', '3702.P19366', '3702.P22953', '3702.P33154', '3702.P37702', '3702.P46422', '3702.Q03250', '3702.Q07488', '3702.Q39191', '3702.Q8RY71', '3702.Q94C26', '3702.Q9C5C2', '3702.Q9C7X0', '3702.Q9FG67', '3702.Q9LRR9', '3702.Q9XIE2', '3702.Q9ZQR8']"
response to oxygen-containing compound,Process,3.9e-06,"['3702.O23530', '3702.P0CJ48', '3702.P25857', '3702.P33154', '3702.P37702', '3702.Q03250', '3702.Q39191', '3702.Q41931', '3702.Q42547', '3702.Q8RY71', '3702.Q94C26', '3702.Q9C5C2', '3702.Q9FG67', '3702.Q9S7J7', '3702.Q9S7M0', '3702.Q9SHR7', '3702.Q9XF87', '3702.Q9XIE2', '3702.Q9ZQR8']"
cellular process,Process,4.25e-06,"['3702.F4I2N7', '3702.O22433', '3702.O23530', '3702.O49347', '3702.O80860', '3702.P0CJ48', '3702.P16972', '3702.P19366', '3702.P21218', '3702.P22953', '3702.P25857', '3702.P27521', '3702.P32961', '3702.P37702', '3702.P42699', '3702.P46422', '3702.P50318', '3702.P54144', '3702.Q01667', '3702.Q03250', '3702.Q07488', '3702.Q38814', '3702.Q38833', '3702.Q39141', '3702.Q39142', '3702.Q39191', '3702.Q41931', '3702.Q41963', '3702.Q42029', '3702.Q42044', '3702.Q42547', '3702.Q8GY23', '3702.Q8LCA1', '3702.Q8RY71', '3702.Q940J8', '3702.Q949Q5', '3702.Q94C26', '3702.Q9C5A9', '3702.Q9C5C2', '3702.Q9C7X0', '3702.Q9FG67', '3702.Q9FGT2', '3702.Q9LRR9', '3702.Q9LUT2', '3702.Q9M1P5', '3702.Q9S7H1', '3702.Q9S7J7', '3702.Q9S7M0', '3702.Q9S7N7', '3702.Q9S7W1', '3702.Q9S831', '3702.Q9SA56', '3702.Q9SHR7', '3702.Q9SUI4', '3702.Q9SY97', '3702.Q9XF87', '3702.Q9XF89', '3702.Q9XIE2']"
metabolic process,Process,1.05e-05,"['3702.F4I2N7', '3702.O49347', '3702.O80860', '3702.P0CJ48', '3702.P16972', '3702.P19366', '3702.P21218', '3702.P25857', '3702.P27521', '3702.P32961', '3702.P37702', '3702.P42699', '3702.P46422', '3702.P50318', '3702.Q01667', '3702.Q03250', '3702.Q07488', '3702.Q38814', '3702.Q38833', '3702.Q39141', '3702.Q39142', '3702.Q39191', '3702.Q41931', '3702.Q42029', '3702.Q42547', '3702.Q8GY23', '3702.Q8LCA1', '3702.Q8RX87', '3702.Q8RY71', '3702.Q949Q5', '3702.Q94C26', '3702.Q9C5A9', '3702.Q9C5C2', '3702.Q9FG67', '3702.Q9LRR9', '3702.Q9LUT2', '3702.Q9S7H1', '3702.Q9S7J7', '3702.Q9S7M0', '3702.Q9S7N7', '3702.Q9S7W1', '3702.Q9S831', '3702.Q9SA56', '3702.Q9SHR7', '3702.Q9SUI4', '3702.Q9SY97', '3702.Q9XF87', '3702.Q9XF89', '3702.Q9XIE2']"
defense response,Process,2.58e-05,"['3702.F4I2N7', '3702.O23530', '3702.P19366', '3702.P22953', '3702.P33154', '3702.P37702', '3702.P46422', '3702.Q03250', '3702.Q39191', '3702.Q41931', '3702.Q8RY71', '3702.Q94C26', '3702.Q9C5C2', '3702.Q9C7X0', '3702.Q9FGT2', '3702.Q9LRR9', '3702.Q9XIE2', '3702.Q9ZQR8']"
Water homeostasis,Process,2.58e-05,"['3702.Q41963', '3702.Q9S7J7', '3702.Q9SHR7', '3702.Q9XF87']"
regulation of reactive oxygen species biosynthetic process,Process,3.03e-05,"['3702.Q9S7J7', '3702.Q9SHR7', '3702.Q9SLJ2', '3702.Q9XF87']"
response to external stimulus,Process,3.52e-05,"['3702.F4I2N7', '3702.O23530', '3702.P19366', '3702.P22953', '3702.P33154', '3702.P37702', '3702.P46422', '3702.Q03250', '3702.Q07488', '3702.Q39191', '3702.Q42547', '3702.Q8RY71', '3702.Q94C26', '3702.Q9C5C2', '3702.Q9C7X0', '3702.Q9FG67', '3702.Q9LRR9', '3702.Q9XIE2', '3702.Q9ZQR8']"
Response to organic substance,Process,7.39e-05,"['3702.O23530', '3702.P0CJ48', '3702.P21218', '3702.P22953', '3702.P25857', '3702.P33154', '3702.P37702', '3702.P46422', '3702.Q39191', '3702.Q41931', '3702.Q8RY71', '3702.Q94C26', '3702.Q9C5C2', '3702.Q9S7J7', '3702.Q9S7M0', '3702.Q9SHR7', '3702.Q9XF87', '3702.Q9XIE2', '3702.Q9ZQR8']"
homeostatic process,Process,9.5e-05,"['3702.O22433', '3702.O49347', '3702.P42699', '3702.P54144', '3702.Q41963', '3702.Q94C26', '3702.Q9S7J7', '3702.Q9SHR7', '3702.Q9XF87', '3702.Q9XIE2']"
defense response to other organism,Process,0.00012,"['3702.F4I2N7', '3702.O23530', '3702.P19366', '3702.P22953', '3702.P33154', '3702.P37702', '3702.Q03250', '3702.Q39191', '3702.Q8RY71', '3702.Q9C5C2', '3702.Q9C7X0', '3702.Q9LRR9', '3702.Q9XIE2', '3702.Q9ZQR8']"
positive regulation of reactive oxygen species biosynthetic process,Process,0.00023,"['3702.Q9S7J7', '3702.Q9SHR7', '3702.Q9XF87']"
chemical homeostasis,Process,0.00032,"['3702.O22433', '3702.P42699', '3702.P54144', '3702.Q41963', '3702.Q94C26', '3702.Q9S7J7', '3702.Q9SHR7', '3702.Q9XF87', '3702.Q9XIE2']"
Response to inorganic substance,Process,0.00045,"['3702.P33154', '3702.P42699', '3702.P46422', '3702.Q03250', '3702.Q41931', '3702.Q42547', '3702.Q9FG67', '3702.Q9S7J7', '3702.Q9SHR7', '3702.Q9XF87', '3702.Q9XIE2']"
glucosinolate catabolic process,Process,0.00049,"['3702.P37702', '3702.Q8RY71', '3702.Q9C5C2', '3702.Q9XIE2']"
regulation of biological quality,Process,0.00078,"['3702.O22433', '3702.O49347', '3702.P32961', '3702.P42699', '3702.P54144', '3702.Q41963', '3702.Q94C26', '3702.Q9S7J7', '3702.Q9S7N7', '3702.Q9SHR7', '3702.Q9XF87', '3702.Q9XIE2']"
photosynthetic electron transport chain,Process,0.00099,"['3702.P16972', '3702.Q8LCA1', '3702.Q949Q5', '3702.Q9S7N7']"
sulfur compound metabolic process,Process,0.0013,"['3702.P37702', '3702.P46422', '3702.Q38814', '3702.Q8RY71', '3702.Q9C5C2', '3702.Q9FG67', '3702.Q9LUT2', '3702.Q9XIE2']"
glucosinolate metabolic process,Process,0.0016,"['3702.P37702', '3702.Q8RY71', '3702.Q9C5C2', '3702.Q9FG67', '3702.Q9XIE2']"
response to desiccation,Process,0.0021,"['3702.Q9S7J7', '3702.Q9SHR7', '3702.Q9XF87']"
electron transport chain,Process,0.0021,"['3702.P16972', '3702.P42699', '3702.Q07488', '3702.Q8LCA1', '3702.Q949Q5', '3702.Q9S7N7']"
secondary metabolic process,Process,0.0032,"['3702.P37702', '3702.P46422', '3702.Q8RY71', '3702.Q9C5C2', '3702.Q9FG67', '3702.Q9LUT2', '3702.Q9XIE2']"
response to water deprivation,Process,0.0056,"['3702.P33154', '3702.Q03250', '3702.Q9FG67', '3702.Q9S7J7', '3702.Q9SHR7', '3702.Q9XF87', '3702.Q9XIE2']"
cellular response to abscisic acid stimulus,Process,0.0061,"['3702.P37702', '3702.Q94C26', '3702.Q9C5C2', '3702.Q9S7J7', '3702.Q9SHR7', '3702.Q9XF87']"
"regulation of photosynthesis, light reaction",Process,0.007,"['3702.O49347', '3702.O80860', '3702.Q9S7N7']"
cellular response to chemical stimulus,Process,0.008,"['3702.O23530', '3702.P22953', '3702.P37702', '3702.P46422', '3702.Q07488', '3702.Q41931', '3702.Q42547', '3702.Q94C26', '3702.Q9C5C2', '3702.Q9FGT2', '3702.Q9S7J7', '3702.Q9SHR7', '3702.Q9XF87', '3702.Q9XIE2']"
cellular response to oxygen-containing compound,Process,0.008,"['3702.O23530', '3702.P37702', '3702.Q41931', '3702.Q94C26', '3702.Q9C5C2', '3702.Q9S7J7', '3702.Q9SHR7', '3702.Q9XF87', '3702.Q9XIE2']"
response to alcohol,Process,0.0088,"['3702.P33154', '3702.P37702', '3702.Q94C26', '3702.Q9C5C2', '3702.Q9S7J7', '3702.Q9S7M0', '3702.Q9SHR7', '3702.Q9XF87']"
response to oomycetes,Process,0.0106,"['3702.P46422', '3702.Q07488', '3702.Q9C7X0', '3702.Q9XIE2']"
regulation of stomatal closure,Process,0.0115,"['3702.Q9S7J7', '3702.Q9SHR7', '3702.Q9XF87']"
regulation of response to biotic stimulus,Process,0.0127,"['3702.P50318', '3702.Q03250', '3702.Q42044', '3702.Q94C26', '3702.Q9XIE2']"
response to hormone,Process,0.013,"['3702.O23530', '3702.P21218', '3702.P37702', '3702.P46422', '3702.Q41931', '3702.Q8RY71', '3702.Q94C26', '3702.Q9C5C2', '3702.Q9S7J7', '3702.Q9S7M0', '3702.Q9SHR7', '3702.Q9XF87', '3702.Q9XIE2']"
regulation of response to external stimulus,Process,0.0138,"['3702.P50318', '3702.Q03250', '3702.Q42044', '3702.Q94C26', '3702.Q9XIE2']"
Cellular response to organic substance,Process,0.0138,"['3702.O23530', '3702.P22953', '3702.P37702', '3702.P46422', '3702.Q41931', '3702.Q94C26', '3702.Q9C5C2', '3702.Q9S7J7', '3702.Q9SHR7', '3702.Q9XF87', '3702.Q9XIE2']"
Response to organic cyclic compound,Process,0.0142,"['3702.O23530', '3702.P33154', '3702.Q39191', '3702.Q94C26', '3702.Q9XIE2', '3702.Q9ZQR8']"
proton motive force-driven mitochondrial ATP synthesis,Process,0.0145,"['3702.P19366', '3702.Q9C5A9']"
circadian rhythm,Process,0.0159,"['3702.Q03250', '3702.Q94C26', '3702.Q96500', '3702.Q9STF2']"
response to far red light,Process,0.0201,"['3702.Q9S7J7', '3702.Q9SHR7', '3702.Q9XF87']"
biological regulation,Process,0.0217,"['3702.O22433', '3702.O23530', '3702.O49347', '3702.O80860', '3702.P22953', '3702.P29381', '3702.P32961', '3702.P37702', '3702.P42699', '3702.P46422', '3702.P50318', '3702.P54144', '3702.Q03250', '3702.Q07488', '3702.Q39191', '3702.Q41931', '3702.Q41963', '3702.Q42044', '3702.Q8RY71', '3702.Q94C26', '3702.Q9C5C2', '3702.Q9C7X0', '3702.Q9FGT2', '3702.Q9M1P5', '3702.Q9S7J7', '3702.Q9S7M0', '3702.Q9S7N7', '3702.Q9SHR7', '3702.Q9SLJ2', '3702.Q9XF87', '3702.Q9XIE2']"
cellular response to lipid,Process,0.0245,"['3702.P37702', '3702.Q41931', '3702.Q94C26', '3702.Q9C5C2', '3702.Q9S7J7', '3702.Q9SHR7', '3702.Q9XF87']"
photoinhibition,Process,0.0362,"['3702.O49347', '3702.O80860']"
response to abscisic acid,Process,0.0366,"['3702.P37702', '3702.Q94C26', '3702.Q9C5C2', '3702.Q9S7J7', '3702.Q9S7M0', '3702.Q9SHR7', '3702.Q9XF87']"
response to lipid,Process,0.0436,"['3702.P37702', '3702.Q41931', '3702.Q8RY71', '3702.Q94C26', '3702.Q9C5C2', '3702.Q9S7J7', '3702.Q9S7M0', '3702.Q9SHR7', '3702.Q9XF87']"
response to red light,Process,0.0476,"['3702.Q9S7J7', '3702.Q9SHR7', '3702.Q9XF87']"
regulation of defense response,Process,0.0476,"['3702.P50318', '3702.Q03250', '3702.Q42044', '3702.Q94C26', '3702.Q9XIE2']"
photosystem I,Component,1.49e-32,"['3702.P0CJ48', '3702.P27521', '3702.Q01667', '3702.Q39141', '3702.Q39142', '3702.Q8LCA1', '3702.Q949Q5', '3702.Q9S7H1', '3702.Q9S7J7', '3702.Q9S7M0', '3702.Q9S7N7', '3702.Q9S7W1', '3702.Q9S831', '3702.Q9SA56', '3702.Q9SHR7', '3702.Q9SUI4', '3702.Q9SY97', '3702.Q9XF87', '3702.Q9XF89']"
thylakoid,Component,1.49e-32,"['3702.O49347', '3702.O80860', '3702.P0CJ48', '3702.P19366', '3702.P21218', '3702.P25857', '3702.P27521', '3702.P37702', '3702.P42699', '3702.P50318', '3702.Q01667', '3702.Q38814', '3702.Q38833', '3702.Q39141', '3702.Q39142', '3702.Q42029', '3702.Q42044', '3702.Q8LCA1', '3702.Q949Q5', '3702.Q96500', '3702.Q9S7H1', '3702.Q9S7J7', '3702.Q9S7M0', '3702.Q9S7N7', '3702.Q9S7W1', '3702.Q9S831', '3702.Q9SA56', '3702.Q9SHR7', '3702.Q9STF2', '3702.Q9SUI4', '3702.Q9SY97', '3702.Q9XF87', '3702.Q9XF89']"
photosystem,Component,3.63e-31,"['3702.O49347', '3702.P0CJ48', '3702.P27521', '3702.Q01667', '3702.Q39141', '3702.Q39142', '3702.Q42029', '3702.Q8LCA1', '3702.Q949Q5', '3702.Q9S7H1', '3702.Q9S7J7', '3702.Q9S7M0', '3702.Q9S7N7', '3702.Q9S7W1', '3702.Q9S831', '3702.Q9SA56', '3702.Q9SHR7', '3702.Q9SUI4', '3702.Q9SY97', '3702.Q9XF87', '3702.Q9XF89']"
chloroplast thylakoid membrane,Component,5.72e-31,"['3702.O49347', '3702.O80860', '3702.P0CJ48', '3702.P19366', '3702.P21218', '3702.P25857', '3702.P27521', '3702.P42699', '3702.Q01667', '3702.Q39141', '3702.Q39142', '3702.Q42029', '3702.Q42044', '3702.Q8LCA1', '3702.Q949Q5', '3702.Q96500', '3702.Q9S7H1', '3702.Q9S7J7', '3702.Q9S7M0', '3702.Q9S7N7', '3702.Q9S7W1', '3702.Q9S831', '3702.Q9SA56', '3702.Q9SHR7', '3702.Q9STF2', '3702.Q9SUI4', '3702.Q9SY97', '3702.Q9XF87', '3702.Q9XF89']"
chloroplast thylakoid,Component,2.26e-30,"['3702.O49347', '3702.O80860', '3702.P0CJ48', '3702.P19366', '3702.P21218', '3702.P25857', '3702.P27521', '3702.P42699', '3702.Q01667', '3702.Q38833', '3702.Q39141', '3702.Q39142', '3702.Q42029', '3702.Q42044', '3702.Q8LCA1', '3702.Q949Q5', '3702.Q96500', '3702.Q9S7H1', '3702.Q9S7J7', '3702.Q9S7M0', '3702.Q9S7N7', '3702.Q9S7W1', '3702.Q9S831', '3702.Q9SA56', '3702.Q9SHR7', '3702.Q9STF2', '3702.Q9SUI4', '3702.Q9SY97', '3702.Q9XF87', '3702.Q9XF89']"
plastid membrane,Component,4.47e-27,"['3702.O49347', '3702.O80860', '3702.P0CJ48', '3702.P19366', '3702.P21218', '3702.P25857', '3702.P27521', '3702.P42699', '3702.Q01667', '3702.Q38833', '3702.Q39141', '3702.Q39142', '3702.Q42029', '3702.Q42044', '3702.Q8LCA1', '3702.Q949Q5', '3702.Q96500', '3702.Q9S7H1', '3702.Q9S7J7', '3702.Q9S7M0', '3702.Q9S7N7', '3702.Q9S7W1', '3702.Q9S831', '3702.Q9SA56', '3702.Q9SHR7', '3702.Q9STF2', '3702.Q9SUI4', '3702.Q9SY97', '3702.Q9XF87', '3702.Q9XF89']"
chloroplast,Component,4.49e-27,"['3702.O49347', '3702.O80860', '3702.P0CJ48', '3702.P16972', '3702.P19366', '3702.P21218', '3702.P22953', '3702.P25857', '3702.P27521', '3702.P32961', '3702.P37702', '3702.P42699', '3702.P46422', '3702.P50318', '3702.Q01667', '3702.Q03250', '3702.Q38814', '3702.Q38833', '3702.Q39141', '3702.Q39142', '3702.Q41963', '3702.Q42029', '3702.Q42044', '3702.Q42547', '3702.Q8LCA1', '3702.Q949Q5', '3702.Q96500', '3702.Q9C5C2', '3702.Q9FG67', '3702.Q9LRR9', '3702.Q9S7H1', '3702.Q9S7J7', '3702.Q9S7M0', '3702.Q9S7N7', '3702.Q9S7W1', '3702.Q9S831', '3702.Q9SA56', '3702.Q9SHR7', '3702.Q9STF2', '3702.Q9SUI4', '3702.Q9SY97', '3702.Q9XF87', '3702.Q9XF89', '3702.Q9XIE2']"
plastid envelope,Component,8.99e-27,"['3702.O49347', '3702.O80860', '3702.P0CJ48', '3702.P19366', '3702.P21218', '3702.P25857', '3702.P27521', '3702.P42699', '3702.Q01667', '3702.Q38814', '3702.Q38833', '3702.Q39141', '3702.Q39142', '3702.Q42029', '3702.Q42044', '3702.Q42547', '3702.Q8LCA1', '3702.Q949Q5', '3702.Q96500', '3702.Q9S7H1', '3702.Q9S7J7', '3702.Q9S7M0', '3702.Q9S7N7', '3702.Q9S7W1', '3702.Q9S831', '3702.Q9SA56', '3702.Q9SHR7', '3702.Q9STF2', '3702.Q9SUI4', '3702.Q9SY97', '3702.Q9XF87', '3702.Q9XF89', '3702.Q9XIE2']"
plastid,Component,2.91e-26,"['3702.O49347', '3702.O80860', '3702.P0CJ48', '3702.P16972', '3702.P19366', '3702.P21218', '3702.P22953', '3702.P25857', '3702.P27521', '3702.P32961', '3702.P37702', '3702.P42699', '3702.P46422', '3702.P50318', '3702.Q01667', '3702.Q03250', '3702.Q07488', '3702.Q38814', '3702.Q38833', '3702.Q39141', '3702.Q39142', '3702.Q41963', '3702.Q42029', '3702.Q42044', '3702.Q42547', '3702.Q8LCA1', '3702.Q8RWS6', '3702.Q949Q5', '3702.Q96500', '3702.Q9C5C2', '3702.Q9FG67', '3702.Q9LRR9', '3702.Q9S7H1', '3702.Q9S7J7', '3702.Q9S7M0', '3702.Q9S7N7', '3702.Q9S7W1', '3702.Q9S831', '3702.Q9SA56', '3702.Q9SHR7', '3702.Q9STF2', '3702.Q9SUI4', '3702.Q9SY97', '3702.Q9XF87', '3702.Q9XF89', '3702.Q9XIE2']"
organelle envelope,Component,4.57e-22,"['3702.O49347', '3702.O80860', '3702.P0CJ48', '3702.P19366', '3702.P21218', '3702.P25857', '3702.P27521', '3702.P42699', '3702.Q01667', '3702.Q38814', '3702.Q38833', '3702.Q39141', '3702.Q39142', '3702.Q42029', '3702.Q42044', '3702.Q42547', '3702.Q8LCA1', '3702.Q949Q5', '3702.Q96500', '3702.Q9C5A9', '3702.Q9S7H1', '3702.Q9S7J7', '3702.Q9S7M0', '3702.Q9S7N7', '3702.Q9S7W1', '3702.Q9S831', '3702.Q9SA56', '3702.Q9SHR7', '3702.Q9STF2', '3702.Q9SUI4', '3702.Q9SY97', '3702.Q9XF87', '3702.Q9XF89', '3702.Q9XIE2']"
membrane protein complex,Component,6.61e-21,"['3702.O49347', '3702.P0CJ48', '3702.P19366', '3702.P27521', '3702.P54144', '3702.Q01667', '3702.Q39141', '3702.Q39142', '3702.Q42029', '3702.Q8LCA1', '3702.Q949Q5', '3702.Q96500', '3702.Q9C5A9', '3702.Q9S7H1', '3702.Q9S7J7', '3702.Q9S7M0', '3702.Q9S7N7', '3702.Q9S7W1', '3702.Q9S831', '3702.Q9SA56', '3702.Q9SHR7', '3702.Q9SUI4', '3702.Q9SY97', '3702.Q9XF87', '3702.Q9XF89']"
organelle subcompartment,Component,4.36e-19,"['3702.O49347', '3702.O80860', '3702.P0CJ48', '3702.P19366', '3702.P21218', '3702.P25857', '3702.P27521', '3702.P42699', '3702.Q01667', '3702.Q38833', '3702.Q39141', '3702.Q39142', '3702.Q42029', '3702.Q42044', '3702.Q8LCA1', '3702.Q949Q5', '3702.Q96500', '3702.Q9S7H1', '3702.Q9S7J7', '3702.Q9S7M0', '3702.Q9S7N7', '3702.Q9S7W1', '3702.Q9S831', '3702.Q9SA56', '3702.Q9SHR7', '3702.Q9STF2', '3702.Q9SUI4', '3702.Q9SY97', '3702.Q9XF87', '3702.Q9XF89', '3702.Q9XIE2']"
chloroplast envelope,Component,1.28e-16,"['3702.O80860', '3702.P21218', '3702.P25857', '3702.P27521', '3702.Q01667', '3702.Q38814', '3702.Q38833', '3702.Q39142', '3702.Q42029', '3702.Q42547', '3702.Q8LCA1', '3702.Q96500', '3702.Q9S7H1', '3702.Q9S7J7', '3702.Q9S7N7', '3702.Q9S831', '3702.Q9SA56', '3702.Q9SHR7', '3702.Q9STF2', '3702.Q9SUI4', '3702.Q9XF87', '3702.Q9XIE2']"
chloroplast thylakoid membrane protein complex,Component,1.52e-15,"['3702.P19366', '3702.Q8LCA1', '3702.Q96500', '3702.Q9S7J7', '3702.Q9S7M0', '3702.Q9S7N7', '3702.Q9SHR7', '3702.Q9XF87', '3702.Q9XF89']"
photosystem II,Component,9.08e-15,"['3702.O49347', '3702.P0CJ48', '3702.Q39141', '3702.Q39142', '3702.Q42029', '3702.Q9S7J7', '3702.Q9S7M0', '3702.Q9S7W1', '3702.Q9SHR7', '3702.Q9XF87', '3702.Q9XF89']"
organelle membrane,Component,3.71e-14,"['3702.O49347', '3702.O80860', '3702.P0CJ48', '3702.P19366', '3702.P21218', '3702.P25857', '3702.P27521', '3702.P42699', '3702.Q01667', '3702.Q38833', '3702.Q39141', '3702.Q39142', '3702.Q41963', '3702.Q42029', '3702.Q42044', '3702.Q8LCA1', '3702.Q949Q5', '3702.Q96500', '3702.Q9C5A9', '3702.Q9S7H1', '3702.Q9S7J7', '3702.Q9S7M0', '3702.Q9S7N7', '3702.Q9S7W1', '3702.Q9S831', '3702.Q9SA56', '3702.Q9SHR7', '3702.Q9STF2', '3702.Q9SUI4', '3702.Q9SY97', '3702.Q9XF87', '3702.Q9XF89', '3702.Q9XIE2']"
chloroplast stroma,Component,1.42e-13,"['3702.O49347', '3702.P19366', '3702.P25857', '3702.P42699', '3702.P46422', '3702.P50318', '3702.Q01667', '3702.Q38814', '3702.Q42029', '3702.Q42547', '3702.Q8LCA1', '3702.Q96500', '3702.Q9LRR9', '3702.Q9S7H1', '3702.Q9S7J7', '3702.Q9S831', '3702.Q9STF2', '3702.Q9SUI4', '3702.Q9SY97', '3702.Q9XF89']"
cytoplasm,Component,3e-13,"['3702.O23530', '3702.O49347', '3702.O80860', '3702.P0CJ48', '3702.P16972', '3702.P19366', '3702.P21218', '3702.P22953', '3702.P25857', '3702.P27521', '3702.P32961', '3702.P33154', '3702.P37702', '3702.P42699', '3702.P46422', '3702.P50318', '3702.Q01667', '3702.Q03250', '3702.Q07488', '3702.Q38814', '3702.Q38833', '3702.Q39141', '3702.Q39142', '3702.Q39191', '3702.Q41931', '3702.Q41963', '3702.Q42029', '3702.Q42044', '3702.Q42547', '3702.Q8GY23', '3702.Q8LCA1', '3702.Q8RWS6', '3702.Q8RY71', '3702.Q949Q5', '3702.Q96500', '3702.Q9C5A9', '3702.Q9C5C2', '3702.Q9C7X0', '3702.Q9FG67', '3702.Q9FMT8', '3702.Q9LRR9', '3702.Q9LUT2', '3702.Q9M1P5', '3702.Q9S7H1', '3702.Q9S7J7', '3702.Q9S7M0', '3702.Q9S7N7', '3702.Q9S7W1', '3702.Q9S831', '3702.Q9SA56', '3702.Q9SHR7', '3702.Q9SLJ2', '3702.Q9STF2', '3702.Q9SUI4', '3702.Q9SY97', '3702.Q9XF87', '3702.Q9XF89', '3702.Q9XIE2', '3702.Q9ZQR8']"
plastoglobule,Component,3.42e-10,"['3702.P19366', '3702.Q01667', '3702.Q9S7H1', '3702.Q9S7J7', '3702.Q9S831', '3702.Q9SUI4', '3702.Q9SY97', '3702.Q9XF89']"
PSII associated light-harvesting complex II,Component,1.74e-09,"['3702.Q9S7J7', '3702.Q9S7M0', '3702.Q9SHR7', '3702.Q9XF87', '3702.Q9XF89']"
intracellular membrane-bounded organelle,Component,1.82e-09,"['3702.O23530', '3702.O49347', '3702.O80860', '3702.P0CJ48', '3702.P16972', '3702.P19366', '3702.P21218', '3702.P22953', '3702.P25857', '3702.P27521', '3702.P29381', '3702.P32961', '3702.P33154', '3702.P37702', '3702.P42699', '3702.P46422', '3702.P50318', '3702.Q01667', '3702.Q03250', '3702.Q07488', '3702.Q38814', '3702.Q38833', '3702.Q39141', '3702.Q39142', '3702.Q39191', '3702.Q41931', '3702.Q41963', '3702.Q42029', '3702.Q42044', '3702.Q42547', '3702.Q8GY23', '3702.Q8LCA1', '3702.Q8RWS6', '3702.Q8RY71', '3702.Q949Q5', '3702.Q96500', '3702.Q9C5A9', '3702.Q9C5C2', '3702.Q9FG67', '3702.Q9FMT8', '3702.Q9LRR9', '3702.Q9LUT2', '3702.Q9M1P5', '3702.Q9S7H1', '3702.Q9S7J7', '3702.Q9S7M0', '3702.Q9S7N7', '3702.Q9S7W1', '3702.Q9S831', '3702.Q9SA56', '3702.Q9SHR7', '3702.Q9SLJ2', '3702.Q9STF2', '3702.Q9SUI4', '3702.Q9SY97', '3702.Q9XF87', '3702.Q9XF89', '3702.Q9XIE2', '3702.Q9ZQR8']"
membrane,Component,3.34e-09,"['3702.A0A1R7T3B3', '3702.F4I2N7', '3702.O49347', '3702.O80860', '3702.P0CJ48', '3702.P19366', '3702.P21218', '3702.P22953', '3702.P25857', '3702.P27521', '3702.P42699', '3702.P46422', '3702.P54144', '3702.Q01667', '3702.Q07488', '3702.Q38814', '3702.Q38833', '3702.Q39141', '3702.Q39142', '3702.Q39191', '3702.Q41931', '3702.Q41963', '3702.Q42029', '3702.Q42044', '3702.Q42547', '3702.Q8LCA1', '3702.Q8RWS6', '3702.Q8S8H2', '3702.Q949Q5', '3702.Q94C26', '3702.Q96500', '3702.Q9C5A9', '3702.Q9FMT8', '3702.Q9LUT2', '3702.Q9S7H1', '3702.Q9S7J7', '3702.Q9S7M0', '3702.Q9S7N7', '3702.Q9S7W1', '3702.Q9S831', '3702.Q9SA56', '3702.Q9SHR7', '3702.Q9STF2', '3702.Q9SUI4', '3702.Q9SY97', '3702.Q9XF87', '3702.Q9XF89', '3702.Q9XIE2']"
cytosol,Component,4.93e-09,"['3702.O23530', '3702.P21218', '3702.P22953', '3702.P27521', '3702.P32961', '3702.P37702', '3702.P46422', '3702.P50318', '3702.Q03250', '3702.Q38814', '3702.Q38833', '3702.Q41931', '3702.Q41963', '3702.Q42547', '3702.Q8GY23', '3702.Q8LCA1', '3702.Q96500', '3702.Q9C5C2', '3702.Q9LRR9', '3702.Q9LUT2', '3702.Q9M1P5', '3702.Q9S7H1', '3702.Q9SLJ2', '3702.Q9STF2', '3702.Q9SUI4', '3702.Q9XF87', '3702.Q9XF89']"
intracellular anatomical structure,Component,3.24e-07,"['3702.O23530', '3702.O49347', '3702.O80860', '3702.P0CJ48', '3702.P16972', '3702.P19366', '3702.P21218', '3702.P22953', '3702.P25857', '3702.P27521', '3702.P29381', '3702.P32961', '3702.P33154', '3702.P37702', '3702.P42699', '3702.P46422', '3702.P50318', '3702.Q01667', '3702.Q03250', '3702.Q07488', '3702.Q38814', '3702.Q38833', '3702.Q39141', '3702.Q39142', '3702.Q39191', '3702.Q41931', '3702.Q41963', '3702.Q42029', '3702.Q42044', '3702.Q42547', '3702.Q8GY23', '3702.Q8LCA1', '3702.Q8RWS6', '3702.Q8RY71', '3702.Q949Q5', '3702.Q96500', '3702.Q9C5A9', '3702.Q9C5C2', '3702.Q9C7X0', '3702.Q9FG67', '3702.Q9FMT8', '3702.Q9LRR9', '3702.Q9LUT2', '3702.Q9M1P5', '3702.Q9S7H1', '3702.Q9S7J7', '3702.Q9S7M0', '3702.Q9S7N7', '3702.Q9S7W1', '3702.Q9S831', '3702.Q9SA56', '3702.Q9SHR7', '3702.Q9SLJ2', '3702.Q9STF2', '3702.Q9SUI4', '3702.Q9SY97', '3702.Q9XF87', '3702.Q9XF89', '3702.Q9XIE2', '3702.Q9ZQR8']"
photosystem I reaction center,Component,5.53e-07,"['3702.Q9S7H1', '3702.Q9S831', '3702.Q9SA56', '3702.Q9SUI4']"
apoplast,Component,7.26e-07,"['3702.P0CJ48', '3702.P22953', '3702.P25857', '3702.P32961', '3702.P33154', '3702.P37702', '3702.P46422', '3702.Q42029', '3702.Q42547', '3702.Q9C5C2', '3702.Q9LRR9']"
protein-containing complex,Component,1.47e-06,"['3702.O49347', '3702.P0CJ48', '3702.P19366', '3702.P27521', '3702.P54144', '3702.Q01667', '3702.Q39141', '3702.Q39142', '3702.Q42029', '3702.Q8GY23', '3702.Q8LCA1', '3702.Q949Q5', '3702.Q96500', '3702.Q9C5A9', '3702.Q9S7H1', '3702.Q9S7J7', '3702.Q9S7M0', '3702.Q9S7N7', '3702.Q9S7W1', '3702.Q9S831', '3702.Q9SA56', '3702.Q9SHR7', '3702.Q9SUI4', '3702.Q9SY97', '3702.Q9XF87', '3702.Q9XF89']"
plasmodesma,Component,6.48e-06,"['3702.P22953', '3702.P32961', '3702.P46422', '3702.P54144', '3702.Q03250', '3702.Q41931', '3702.Q42547', '3702.Q8GY23', '3702.Q940J8', '3702.Q9C5C2', '3702.Q9LRR9', '3702.Q9LUT2', '3702.Q9M1P5']"
plant-type vacuole,Component,1.51e-05,"['3702.P22953', '3702.P37702', '3702.P46422', '3702.Q07488', '3702.Q39191', '3702.Q41963', '3702.Q42547', '3702.Q9C5C2', '3702.Q9FMT8', '3702.Q9M1P5', '3702.Q9S7J7', '3702.Q9XIE2']"
vacuole,Component,0.0001,"['3702.P22953', '3702.P37702', '3702.P46422', '3702.Q03250', '3702.Q07488', '3702.Q39191', '3702.Q41963', '3702.Q42547', '3702.Q9C5C2', '3702.Q9FMT8', '3702.Q9M1P5', '3702.Q9S7J7', '3702.Q9XIE2']"
cellular anatomical structure,Component,0.00011,"['3702.A0A1R7T3B3', '3702.F4I2N7', '3702.O23530', '3702.O49347', '3702.O80860', '3702.P0CJ48', '3702.P16972', '3702.P19366', '3702.P21218', '3702.P22953', '3702.P25857', '3702.P27521', '3702.P29381', '3702.P32961', '3702.P33154', '3702.P37702', '3702.P42699', '3702.P46422', '3702.P50318', '3702.P54144', '3702.Q01667', '3702.Q03250', '3702.Q07488', '3702.Q38814', '3702.Q38833', '3702.Q39141', '3702.Q39142', '3702.Q39191', '3702.Q41931', '3702.Q41963', '3702.Q42029', '3702.Q42044', '3702.Q42547', '3702.Q8GY23', '3702.Q8LCA1', '3702.Q8RWS6', '3702.Q8RY71', '3702.Q8S8H2', '3702.Q940J8', '3702.Q949Q5', '3702.Q94C26', '3702.Q96500', '3702.Q9C5A9', '3702.Q9C5C2', '3702.Q9C7X0', '3702.Q9FG67', '3702.Q9FMT8', '3702.Q9LRR9', '3702.Q9LUT2', '3702.Q9M1P5', '3702.Q9S7H1', '3702.Q9S7J7', '3702.Q9S7M0', '3702.Q9S7N7', '3702.Q9S7W1', '3702.Q9S831', '3702.Q9SA56', '3702.Q9SHR7', '3702.Q9SLJ2', '3702.Q9STF2', '3702.Q9SUI4', '3702.Q9SY97', '3702.Q9XF87', '3702.Q9XF89', '3702.Q9XIE2', '3702.Q9ZQR8']"
external encapsulating structure,Component,0.00036,"['3702.P19366', '3702.P22953', '3702.Q39191', '3702.Q41931', '3702.Q41963', '3702.Q42547', '3702.Q940J8', '3702.Q9LUT2']"
plant-type cell wall,Component,0.0011,"['3702.P19366', '3702.P22953', '3702.Q39191', '3702.Q41931', '3702.Q42547', '3702.Q940J8', '3702.Q9LUT2']"
thylakoid lumen,Component,0.0011,"['3702.O80860', '3702.P19366', '3702.P42699', '3702.Q42029']"
chloroplast photosystem I,Component,0.0013,"['3702.Q8LCA1', '3702.Q9S7N7']"
extracellular region,Component,0.0018,"['3702.P0CJ48', '3702.P22953', '3702.P25857', '3702.P32961', '3702.P33154', '3702.P37702', '3702.P46422', '3702.Q03250', '3702.Q42029', '3702.Q42547', '3702.Q940J8', '3702.Q949Q5', '3702.Q9C5C2', '3702.Q9LRR9', '3702.Q9SA56']"
stromule,Component,0.0029,"['3702.P19366', '3702.P25857', '3702.Q38814']"
peroxisome,Component,0.0045,"['3702.O80860', '3702.P37702', '3702.Q03250', '3702.Q42547', '3702.Q9C5C2', '3702.Q9LRR9']"
Intrinsic component of membrane,Component,0.017,"['3702.A0A1R7T3B3', '3702.F4I2N7', '3702.O49347', '3702.O80860', '3702.P0CJ48', '3702.P27521', '3702.P54144', '3702.Q01667', '3702.Q07488', '3702.Q38833', '3702.Q39191', '3702.Q41963', '3702.Q8LCA1', '3702.Q8RWS6', '3702.Q8S8H2', '3702.Q949Q5', '3702.Q94C26', '3702.Q9FMT8', '3702.Q9S7J7', '3702.Q9S7M0', '3702.Q9S7N7', '3702.Q9S7W1', '3702.Q9SHR7', '3702.Q9SUI4', '3702.Q9SY97', '3702.Q9XF87', '3702.Q9XF89', '3702.Q9XIE2']"
cytosolic ribosome,Component,0.0176,"['3702.P22953', '3702.P37702', '3702.Q42547', '3702.Q9C5C2', '3702.Q9LRR9']"
membrane,Component,0.0181,"['3702.A0A1R7T3B3', '3702.F4I2N7', '3702.O49347', '3702.O80860', '3702.P0CJ48', '3702.P27521', '3702.P54144', '3702.Q01667', '3702.Q38833', '3702.Q39191', '3702.Q41963', '3702.Q8LCA1', '3702.Q8RWS6', '3702.Q8S8H2', '3702.Q949Q5', '3702.Q94C26', '3702.Q9FMT8', '3702.Q9S7J7', '3702.Q9S7M0', '3702.Q9S7N7', '3702.Q9S7W1', '3702.Q9SHR7', '3702.Q9SUI4', '3702.Q9SY97', '3702.Q9XF87', '3702.Q9XF89', '3702.Q9XIE2']"
chloroplast membrane,Component,0.0183,"['3702.P21218', '3702.P25857', '3702.Q38833', '3702.Q9S7N7', '3702.Q9SUI4']"
"Proton-transporting ATP synthase complex, catalytic core F(1)",Component,0.0203,"['3702.P19366', '3702.Q9C5A9']"
cell periphery,Component,0.0272,"['3702.F4I2N7', '3702.P19366', '3702.P22953', '3702.P46422', '3702.P54144', '3702.Q07488', '3702.Q38814', '3702.Q39191', '3702.Q41931', '3702.Q41963', '3702.Q42547', '3702.Q8RWS6', '3702.Q940J8', '3702.Q94C26', '3702.Q9C5A9', '3702.Q9LUT2', '3702.Q9S831', '3702.Q9XIE2']"
Mitochondrial proton-transporting ATP synthase complex,Component,0.0358,"['3702.P19366', '3702.Q9C5A9']"
plasma membrane,Component,0.044,"['3702.F4I2N7', '3702.P22953', '3702.P46422', '3702.P54144', '3702.Q07488', '3702.Q38814', '3702.Q39191', '3702.Q41931', '3702.Q41963', '3702.Q42547', '3702.Q8RWS6', '3702.Q94C26', '3702.Q9C5A9', '3702.Q9LUT2', '3702.Q9S831', '3702.Q9XIE2']"
protein domain specific binding,Function,1.17e-28,"['3702.P21218', '3702.P27521', '3702.P42699', '3702.P46422', '3702.Q01667', '3702.Q38814', '3702.Q39141', '3702.Q39142', '3702.Q42029', '3702.Q42044', '3702.Q8LCA1', '3702.Q9S7H1', '3702.Q9S7M0', '3702.Q9S831', '3702.Q9SA56', '3702.Q9SHR7', '3702.Q9SUI4', '3702.Q9SY97', '3702.Q9XF89']"
chlorophyll binding,Function,1.88e-18,"['3702.P0CJ48', '3702.P27521', '3702.Q01667', '3702.Q39141', '3702.Q39142', '3702.Q9S7J7', '3702.Q9S7M0', '3702.Q9S7W1', '3702.Q9SHR7', '3702.Q9SY97', '3702.Q9XF87', '3702.Q9XF89']"
mRNA binding,Function,4.85e-16,"['3702.P0CJ48', '3702.P19366', '3702.P21218', '3702.P22953', '3702.P25857', '3702.P27521', '3702.Q01667', '3702.Q03250', '3702.Q39141', '3702.Q41963', '3702.Q42029', '3702.Q42547', '3702.Q949Q5', '3702.Q9LRR9', '3702.Q9LUT2', '3702.Q9M1P5', '3702.Q9S7H1', '3702.Q9S7J7', '3702.Q9S831', '3702.Q9SA56', '3702.Q9SLJ2', '3702.Q9SUI4', '3702.Q9SY97', '3702.Q9XF87', '3702.Q9XF89', '3702.Q9XIE2']"
tetrapyrrole binding,Function,4.89e-08,"['3702.P0CJ48', '3702.P27521', '3702.Q01667', '3702.Q39141', '3702.Q39142', '3702.Q42547', '3702.Q9S7J7', '3702.Q9S7M0', '3702.Q9S7W1', '3702.Q9SHR7', '3702.Q9SY97', '3702.Q9XF87', '3702.Q9XF89']"
heterocyclic compound binding,Function,2.29e-05,"['3702.F4I2N7', '3702.O23530', '3702.O80860', '3702.P0CJ48', '3702.P19366', '3702.P21218', '3702.P22953', '3702.P25857', '3702.P27521', '3702.P29381', '3702.P46422', '3702.P50318', '3702.Q01667', '3702.Q03250', '3702.Q39141', '3702.Q39142', '3702.Q39191', '3702.Q41931', '3702.Q41963', '3702.Q42029', '3702.Q42547', '3702.Q8LCA1', '3702.Q949Q5', '3702.Q9C5A9', '3702.Q9C7X0', '3702.Q9FGT2', '3702.Q9LRR9', '3702.Q9LUT2', '3702.Q9M1P5', '3702.Q9S7H1', '3702.Q9S7J7', '3702.Q9S7M0', '3702.Q9S7W1', '3702.Q9S831', '3702.Q9SA56', '3702.Q9SHR7', '3702.Q9SLJ2', '3702.Q9SUI4', '3702.Q9SY97', '3702.Q9XF87', '3702.Q9XF89', '3702.Q9XIE2']"
Organic cyclic compound binding,Function,2.31e-05,"['3702.F4I2N7', '3702.O23530', '3702.O80860', '3702.P0CJ48', '3702.P19366', '3702.P21218', '3702.P22953', '3702.P25857', '3702.P27521', '3702.P29381', '3702.P46422', '3702.P50318', '3702.Q01667', '3702.Q03250', '3702.Q39141', '3702.Q39142', '3702.Q39191', '3702.Q41931', '3702.Q41963', '3702.Q42029', '3702.Q42547', '3702.Q8LCA1', '3702.Q949Q5', '3702.Q9C5A9', '3702.Q9C7X0', '3702.Q9FGT2', '3702.Q9LRR9', '3702.Q9LUT2', '3702.Q9M1P5', '3702.Q9S7H1', '3702.Q9S7J7', '3702.Q9S7M0', '3702.Q9S7W1', '3702.Q9S831', '3702.Q9SA56', '3702.Q9SHR7', '3702.Q9SLJ2', '3702.Q9SUI4', '3702.Q9SY97', '3702.Q9XF87', '3702.Q9XF89', '3702.Q9XIE2']"
protein binding,Function,2.49e-05,"['3702.F4I2N7', '3702.P21218', '3702.P22953', '3702.P27521', '3702.P29381', '3702.P42699', '3702.P46422', '3702.P54144', '3702.Q01667', '3702.Q38814', '3702.Q39141', '3702.Q39142', '3702.Q42029', '3702.Q42044', '3702.Q8LCA1', '3702.Q9S7H1', '3702.Q9S7M0', '3702.Q9S831', '3702.Q9SA56', '3702.Q9SHR7', '3702.Q9SUI4', '3702.Q9SY97', '3702.Q9XF89']"
ion binding,Function,2.73e-05,"['3702.F4I2N7', '3702.O22433', '3702.O23530', '3702.O49347', '3702.O80860', '3702.P0CJ48', '3702.P16972', '3702.P19366', '3702.P22953', '3702.P25857', '3702.P27521', '3702.P37702', '3702.P42699', '3702.P46422', '3702.P50318', '3702.Q01667', '3702.Q07488', '3702.Q38814', '3702.Q39191', '3702.Q41931', '3702.Q42029', '3702.Q42547', '3702.Q8RWS6', '3702.Q9C5A9', '3702.Q9C7X0', '3702.Q9FGT2', '3702.Q9LRR9', '3702.Q9LUT2', '3702.Q9M1P5', '3702.Q9S7J7', '3702.Q9S7M0', '3702.Q9S7W1', '3702.Q9SHR7', '3702.Q9SLJ2', '3702.Q9SY97', '3702.Q9XF87', '3702.Q9XF89', '3702.Q9XIE2']"
binding,Function,4.38e-05,"['3702.F4I2N7', '3702.O22433', '3702.O23530', '3702.O49347', '3702.O80860', '3702.P0CJ48', '3702.P16972', '3702.P19366', '3702.P21218', '3702.P22953', '3702.P25857', '3702.P27521', '3702.P29381', '3702.P37702', '3702.P42699', '3702.P46422', '3702.P50318', '3702.P54144', '3702.Q01667', '3702.Q03250', '3702.Q07488', '3702.Q38814', '3702.Q39141', '3702.Q39142', '3702.Q39191', '3702.Q41931', '3702.Q41963', '3702.Q42029', '3702.Q42044', '3702.Q42547', '3702.Q8LCA1', '3702.Q8RWS6', '3702.Q949Q5', '3702.Q9C5A9', '3702.Q9C7X0', '3702.Q9FGT2', '3702.Q9LRR9', '3702.Q9LUT2', '3702.Q9M1P5', '3702.Q9S7H1', '3702.Q9S7J7', '3702.Q9S7M0', '3702.Q9S7W1', '3702.Q9S831', '3702.Q9SA56', '3702.Q9SHR7', '3702.Q9SLJ2', '3702.Q9SUI4', '3702.Q9SY97', '3702.Q9XF87', '3702.Q9XF89', '3702.Q9XIE2']"
metal ion binding,Function,0.00011,"['3702.O22433', '3702.O49347', '3702.O80860', '3702.P0CJ48', '3702.P16972', '3702.P19366', '3702.P27521', '3702.P37702', '3702.P42699', '3702.Q01667', '3702.Q07488', '3702.Q38814', '3702.Q39191', '3702.Q41931', '3702.Q42029', '3702.Q42547', '3702.Q8RWS6', '3702.Q9C5A9', '3702.Q9LUT2', '3702.Q9S7J7', '3702.Q9S7M0', '3702.Q9S7W1', '3702.Q9SHR7', '3702.Q9SLJ2', '3702.Q9SY97', '3702.Q9XF87', '3702.Q9XF89']"
nucleic acid binding,Function,0.00066,"['3702.P0CJ48', '3702.P19366', '3702.P21218', '3702.P22953', '3702.P25857', '3702.P27521', '3702.P29381', '3702.Q01667', '3702.Q03250', '3702.Q39141', '3702.Q41963', '3702.Q42029', '3702.Q42547', '3702.Q8LCA1', '3702.Q949Q5', '3702.Q9LRR9', '3702.Q9LUT2', '3702.Q9M1P5', '3702.Q9S7H1', '3702.Q9S7J7', '3702.Q9S831', '3702.Q9SA56', '3702.Q9SLJ2', '3702.Q9SUI4', '3702.Q9SY97', '3702.Q9XF87', '3702.Q9XF89', '3702.Q9XIE2']"
salicylic acid binding,Function,0.0145,"['3702.P25857', '3702.P46422', '3702.Q42029']"
copper ion binding,Function,0.037,"['3702.O22433', '3702.P42699', '3702.Q41931', '3702.Q9C5A9', '3702.Q9SLJ2']"
organic acid binding,Function,0.037,"['3702.P25857', '3702.P46422', '3702.Q41931', '3702.Q42029']"
Glucosinolate glucohydrolase activity,Function,0.037,"['3702.P37702', '3702.Q9C5C2']"
carboxylic acid binding,Function,0.0388,"['3702.P25857', '3702.P46422', '3702.Q41931', '3702.Q42029']"
thioglucosidase activity,Function,0.049,"['3702.P37702', '3702.Q9C5C2']"
